name	email	city	birthday_day	birthday_month	birthday_year	country
Axel	nulla.at@auguescelerisquemollis.net	Latinne	5	12	1978	Tokelau
Karleigh	congue@auctornuncnulla.co.uk	Aurora	8	3	1958	Kenya
Celeste	lacus@diam.com	Stirling	17	10	1984	Grenada
Josephine	dui@faucibuslectus.net	Le Petit-Quevilly	2	8	1985	Sudan
Serena	a.tortor@elit.com	Sydney	28	1	1958	United Arab Emirates
Madison	Maecenas.mi@ullamcorperDuiscursus.org	Westlock	16	6	1972	Saint Helena, Ascension and Tristan da Cunha
Tanya	Cras@adlitora.net	Vanderhoof	16	4	1988	Peru
Vernon	cursus@Phasellusin.co.uk	Bahawalnagar	25	8	1959	United States
Madonna	pellentesque.a@diamluctuslobortis.co.uk	Carmen	14	3	1991	Equatorial Guinea
Melvin	Maecenas@eutellusPhasellus.co.uk	Anzio	5	5	1999	Zambia
Hillary	Mauris.nulla@Proin.edu	Kallo	23	4	1988	Egypt
Kennedy	Suspendisse.non.leo@consequat.edu	Prince George	4	2	1961	Malaysia
Chava	ac.turpis@quisaccumsan.edu	Lusevera	20	1	1971	Mozambique
Jane	nunc.risus.varius@Nulla.ca	Ipswich	15	4	1981	Mauritania
Armando	Aenean@erosnec.org	Vorst	3	12	1953	Finland
Caryn	scelerisque@vestibulum.edu	King Township	12	2	1991	Martinique
Sydney	massa.Vestibulum.accumsan@vitaenibh.co.uk	Roosbeek	5	1	1964	Andorra
Fitzgerald	ornare.Fusce@scelerisqueduiSuspendisse.net	Tampa	20	9	1975	Egypt
Vivien	enim.Nunc.ut@lectusCum.com	Kenosha	1	10	1950	Sao Tome and Principe
Fuller	Duis.dignissim@Duis.net	Borgone Susa	7	7	1990	Brazil
Grady	lobortis@Utnec.org	Austin	6	5	1983	Sao Tome and Principe
Kalia	fringilla.porttitor.vulputate@lectuspede.com	Daska	26	3	1974	Myanmar
Kennedy	metus@Curabiturconsequatlectus.ca	Kinross	1	9	1990	Mongolia
MacKensie	non@tinciduntvehicula.net	Gorzow Wielkopolski	3	8	1953	Georgia
Robin	non.quam@etmalesuadafames.ca	McCallum	28	12	1959	Eritrea
Aline	placerat.augue@diamDuis.ca	Bay Roberts	7	8	1956	Saint Pierre and Miquelon
Ella	libero@arcuiaculis.com	Aalbeke	8	7	1965	Virgin Islands, British
Drew	amet@placerategetvenenatis.co.uk	Rodengo/Rodeneck	8	9	1984	Micronesia
Janet	mi.ac@tempor.net	College	19	9	1988	Libya
Mia	ligula.Nullam@ligula.edu	Kanchipuram	12	4	1982	South Georgia and The South Sandwich Islands
Tasha	metus@et.ca	Penna in Teverina	10	9	1955	Guinea-Bissau
Sasha	at@enimSuspendissealiquet.net	Palma de Mallorca	22	5	1962	Cyprus
Genevieve	elementum@ridiculusmus.edu	LaSalle	18	7	1972	Puerto Rico
Tanek	velit.Cras@miacmattis.co.uk	Vilvoorde	14	7	1990	Zimbabwe
Jan	pede@vitaediam.com	Hapur	4	11	1951	Macedonia
Sawyer	neque@amet.co.uk	Milena	4	7	1963	Puerto Rico
Teegan	orci.Phasellus.dapibus@convallis.net	Funtua	18	8	2000	New Caledonia
Dacey	Cras@odiotristique.net	Indore	2	4	1968	Viet Nam
Jaquelyn	et@magnaaneque.edu	Stirling	1	2	1976	Saint Lucia
Orla	eget@dolortempus.org	Fort St. John	19	5	1950	Pitcairn Islands
Ezekiel	convallis.in@Vivamusnonlorem.org	Columbus	27	6	1977	Macedonia
Garrison	Curabitur.vel.lectus@Nam.org	Caplan	25	3	1955	Paraguay
Bruce	ac.ipsum.Phasellus@tinciduntadipiscing.ca	Somma Lombardo	24	10	2000	Afghanistan
Moses	Quisque.imperdiet.erat@antelectusconvallis.edu	Carleton	12	7	1963	Finland
Julian	semper.cursus.Integer@Sed.edu	Stewart	26	8	2000	Kazakhstan
Kay	convallis@iaculisodioNam.co.uk	Glendale	6	5	1988	Hong Kong
MacKensie	sapien@lacinia.edu	Marbais	11	8	1997	Curaçao
Kylie	diam.nunc@Curabiturdictum.co.uk	Appleby	16	4	1979	El Salvador
Berk	quis@auctorullamcorpernisl.com	Otricoli	25	10	1985	Congo (Brazzaville)
Chava	lobortis.quam.a@lectus.net	Hénin-Beaumont	19	12	1976	Guadeloupe
Meghan	eu.euismod.ac@auctorvelitAliquam.co.uk	Iqaluit	4	1	1974	Fiji
Gemma	erat@sedhendrerit.edu	Glasgow	2	2	1990	Greenland
Leilani	Maecenas.malesuada@nonummy.edu	Rosarno	12	10	1950	Japan
Paul	tellus.lorem.eu@molestieSed.ca	Pellizzano	8	6	1961	Falkland Islands
Kasimir	amet.consectetuer.adipiscing@pedeNunc.ca	Wals-Siezenheim	15	5	1979	Albania
Idola	amet.ultricies@euismod.ca	Sète	20	12	1973	Bouvet Island
Armando	Praesent.interdum@incursus.ca	Jackson	4	7	1983	Panama
Rinah	magna.malesuada@senectuset.net	Pointe-au-Pic	17	8	1973	Armenia
Irene	purus.Duis@inhendrerit.net	Norfolk County	9	11	1997	Pakistan
Levi	libero.dui.nec@dolorelitpellentesque.edu	Tire	20	1	1969	Georgia
Carl	ac@vitaepurus.co.uk	Pangnirtung	7	3	1980	Bhutan
Hadley	felis.adipiscing.fringilla@ligulaDonec.com	Nuraminis	27	6	1951	Virgin Islands, British
Beck	scelerisque@fringilla.edu	Offida	22	4	1992	Turks and Caicos Islands
Cedric	semper.rutrum.Fusce@mollis.co.uk	Cap-de-la-Madeleine	22	2	1959	Cook Islands
Jaime	mauris@mauriserateget.co.uk	Sterrebeek	11	12	1991	Saint Kitts and Nevis
Herman	et.lacinia.vitae@turpisnonenim.co.uk	Schweinfurt	6	4	2000	French Polynesia
Inga	Mauris@lacuspedesagittis.net	Edremit	7	9	1988	Norway
Eliana	quis.lectus@lacinia.co.uk	Ananindeua	12	1	1998	Heard Island and Mcdonald Islands
Eugenia	convallis@Aliquamfringillacursus.org	Newark	17	6	1969	Isle of Man
Rinah	urna.Vivamus.molestie@egestas.ca	Chapra	18	11	1950	United Kingdom
Chloe	blandit@orci.net	Pergola	2	1	1978	Mozambique
Urielle	litora.torquent.per@vulputateposuere.co.uk	Prenzlau	23	3	1957	Virgin Islands, United States
Tucker	risus@dignissim.com	Anchorage	10	3	1974	Guam
Zorita	erat.vitae.risus@velconvallisin.com	Massarosa	1	9	1979	Mozambique
Imelda	Pellentesque@NulladignissimMaecenas.com	Sart-Eustache	18	3	1959	Bhutan
Ferdinand	Suspendisse@nulla.edu	Sterling Heights	17	3	1969	Bangladesh
Isadora	orci@estmollis.edu	Strausberg	4	10	1964	Trinidad and Tobago
Christian	arcu.iaculis.enim@amet.com	Broken Arrow	20	2	1950	New Caledonia
Shelby	et.magnis.dis@fermentumvel.net	San Pietro al Tanagro	2	9	1986	Australia
Veronica	Quisque.ornare@Loremipsum.org	St. Thomas	7	10	1974	Western Sahara
Chaney	ac.metus.vitae@Inlorem.net	Guysborough	22	3	1983	Wallis and Futuna
Fulton	diam.Proin@acturpis.edu	Juazeiro do Norte	9	10	1982	Brunei
Cally	tellus.Nunc@Donec.edu	Rocky View	3	10	1992	Mozambique
Sawyer	In.scelerisque@molestiearcu.net	Hof	20	4	1967	Nicaragua
Bianca	sapien.cursus.in@in.com	Romano dEzzelino	5	4	1962	Albania
Mia	Integer@FuscemollisDuis.org	Schwbisch Gmnd	16	11	1988	Peru
Dominique	diam@faucibusid.com	Castel Baronia	23	10	1985	Guinea
Barclay	ipsum.Suspendisse@tortorInteger.edu	Birmingham	23	3	1960	Curaçao
Kay	Sed@aliquetPhasellusfermentum.net	Ghlin	19	5	1998	Botswana
John	nec.ante@turpis.ca	Bottrop	2	4	1968	Romania
Jayme	Donec.est@ornare.org	Holywell	8	5	1970	Guyana
Kiayada	Nulla@liberodui.co.uk	Ospedaletto dAlpinolo	13	2	1996	Cuba
Callum	natoque.penatibus@nisl.edu	Labrecque	26	12	1969	Ghana
Daria	mi.lorem@Integer.co.uk	Carapicuíba	25	1	1969	Kyrgyzstan
Grace	quis.diam.Pellentesque@ornareIn.edu	Cisterna di Latina	15	10	1962	Antigua and Barbuda
Ariana	aliquet@justoeu.org	Leersum	26	11	1968	Maldives
Hedda	sit.amet@libero.ca	Morwell	15	1	1984	Armenia
Fallon	massa@varius.co.uk	Boblingen	20	2	1965	Mauritius
Samson	ornare.tortor@vitaeorci.co.uk	Pangnirtung	12	12	1994	Kazakhstan
Prescott	commodo.tincidunt.nibh@lacusvariuset.edu	Turriaco	2	1	1967	Bolivia





